NCT Number,Study Title,Study URL,Study Status,Study Results,Conditions,Interventions,Sponsor,Collaborators,Sex,Age,Enrollment,Funder Type,Study Type,Study Design,Start Date,Completion Date,Locations
NCT05698953,The Effect of Reiki Therapy in Pediatric Oncology Patients,https://clinicaltrials.gov/study/NCT05698953,COMPLETED,NO,Reiki,OTHER: Reiki|OTHER: Placebo,University of Yalova,,ALL,CHILD,66,OTHER,INTERVENTIONAL,Allocation: RANDOMIZED|Intervention Model: PARALLEL|Masking: SINGLE (PARTICIPANT)|Primary Purpose: SUPPORTIVE_CARE,2020-12-01,2023-03-01,"University of Yalova, Yalova, Turkey"
NCT05979610,Using Reiki Therapy to Improve Symptoms Associated With Brachytherapy in Patients With Gynecological Malignancies,https://clinicaltrials.gov/study/NCT05979610,RECRUITING,NO,Gynecologic Neoplasm|Brachytherapy|Therapeutic Touch|Endometrial Cancer|Cervical Cancer|Vaginal Cancer|Vulvar Cancer,OTHER: Reiki therapy,University of Utah,,FEMALE,"ADULT, OLDER_ADULT",68,OTHER,INTERVENTIONAL,Allocation: RANDOMIZED|Intervention Model: PARALLEL|Masking: NONE|Primary Purpose: TREATMENT,2023-10-09,2027-04-01,"Huntsman Cancer Institute, Salt Lake City, Utah, 84112, United States"
NCT05409703,The Effect of Reiki on Executive Nurses,https://clinicaltrials.gov/study/NCT05409703,COMPLETED,NO,Reiki Therapy,BEHAVIORAL: reiki therapy,Zehra Bayram,,FEMALE,"ADULT, OLDER_ADULT",24,OTHER,INTERVENTIONAL,Allocation: RANDOMIZED|Intervention Model: PARALLEL|Masking: SINGLE (PARTICIPANT)|Primary Purpose: TREATMENT,2022-01-29,2022-05-04,"Zehra Bayram, Osmaniye, Turkey"
NCT06354049,Reiki Therapy to Improve Key Symptoms in Integrative Oncology Clinic (REIKI),https://clinicaltrials.gov/study/NCT06354049,RECRUITING,NO,Cancer Pain|Oncology Pain,OTHER: Reiki,Case Comprehensive Cancer Center,,ALL,"ADULT, OLDER_ADULT",20,OTHER,INTERVENTIONAL,Allocation: NA|Intervention Model: SINGLE_GROUP|Masking: NONE|Primary Purpose: SUPPORTIVE_CARE,2024-08-07,2025-12-31,"University Hospitals Cleveland Medical Center, Seidman Cancer Center, Case Comprehensive Cancer Center, Cleveland, Ohio, 44106, United States"
NCT06063616,The Effect of Reiki Application on Pain Severity and Quality of Life in Patients Receiving Hemodialysis Treatment,https://clinicaltrials.gov/study/NCT06063616,COMPLETED,NO,Hemodialysis,OTHER: Reiki|OTHER: Sham Reiki,Sultan ÇEÇEN,,ALL,"ADULT, OLDER_ADULT",80,OTHER,INTERVENTIONAL,"Allocation: RANDOMIZED|Intervention Model: PARALLEL|Masking: DOUBLE (PARTICIPANT, OUTCOMES_ASSESSOR)|Primary Purpose: SUPPORTIVE_CARE",2022-06-06,2022-09-08,"Sultan Çeçen, Çorum, 19030, Turkey"
NCT06519136,The Effect of Second Level Reiki on Pain Severity and Quality of Life in Patients Receiving Hemodialysis Treatment,https://clinicaltrials.gov/study/NCT06519136,RECRUITING,NO,Hemodialysis,OTHER: Distance Reiki|OTHER: Sham Reiki,Mersin University,The Scientific and Technological Research Council of Turkey,ALL,"ADULT, OLDER_ADULT",80,OTHER,INTERVENTIONAL,"Allocation: RANDOMIZED|Intervention Model: PARALLEL|Masking: DOUBLE (PARTICIPANT, OUTCOMES_ASSESSOR)|Primary Purpose: SUPPORTIVE_CARE",2024-10-01,2024-12-14,"Sultan Çeçen, Çorum, 19030, Turkey"
NCT05342610,Effect of Reiki Application on Menopausal Symptoms,https://clinicaltrials.gov/study/NCT05342610,COMPLETED,NO,Menopausal Symptom,OTHER: Distant reiki,Mersin University,,FEMALE,ADULT,48,OTHER,INTERVENTIONAL,Allocation: RANDOMIZED|Intervention Model: PARALLEL|Masking: SINGLE (INVESTIGATOR)|Primary Purpose: SUPPORTIVE_CARE,2018-11-01,2019-02-28,"Diğdem LAFCI, Mersin, 33110, Turkey"
NCT04461873,The Effect of Reiki on the Stress Level of Caregivers of Cancer Patients,https://clinicaltrials.gov/study/NCT04461873,COMPLETED,NO,Caregiver Stress Syndrome|Reiki|Caregiver Burnout,OTHER: Reiki|OTHER: Sham Reiki,TC Erciyes University,,FEMALE,"ADULT, OLDER_ADULT",42,OTHER,INTERVENTIONAL,Allocation: RANDOMIZED|Intervention Model: PARALLEL|Masking: SINGLE (PARTICIPANT)|Primary Purpose: SUPPORTIVE_CARE,2018-08-06,2019-04-06,"Osmaniye Korkut Ata University, Osmaniye, 80000, Turkey"
NCT04843384,"The Effect of Reiki on Anxiety, Stress and Comfort Levels",https://clinicaltrials.gov/study/NCT04843384,COMPLETED,NO,Reiki|Gastro-Intestinal Disorder,OTHER: Reiki|OTHER: Sham reiki,Mardin Artuklu University,,ALL,"ADULT, OLDER_ADULT",159,OTHER,INTERVENTIONAL,Allocation: RANDOMIZED|Intervention Model: PARALLEL|Masking: SINGLE (PARTICIPANT)|Primary Purpose: SUPPORTIVE_CARE,2021-02-02,2021-04-01,"Hediye Utli, Mardin, 47200, Turkey"
NCT06487182,The Effect of Reiki on the Anxiety Level of Mothers,https://clinicaltrials.gov/study/NCT06487182,COMPLETED,NO,Anxiety,OTHER: reiki|OTHER: placebo reiki,Ondokuz Mayıs University,,FEMALE,ADULT,120,OTHER,INTERVENTIONAL,Allocation: RANDOMIZED|Intervention Model: PARALLEL|Masking: SINGLE (PARTICIPANT)|Primary Purpose: SUPPORTIVE_CARE,2024-06-30,2024-11-10,"Ondokuz Mayis University, Samsun, 55200, Turkey"
NCT04988399,Internet-based Reiki for Tinnitus 2021,https://clinicaltrials.gov/study/NCT04988399,WITHDRAWN,NO,Tinnitus,OTHER: Reiki,Montefiore Medical Center,,ALL,"ADULT, OLDER_ADULT",0,OTHER,INTERVENTIONAL,Allocation: NA|Intervention Model: SINGLE_GROUP|Masking: NONE|Primary Purpose: TREATMENT,2023-06-01,2024-07-31,"Montefiore Medical Center, Bronx, New York, 10467, United States"
NCT05665959,"Reiki Effects on Pain, Functional Status and Holistic Well-Being in Patients With Knee Osteoarthritis",https://clinicaltrials.gov/study/NCT05665959,UNKNOWN,NO,Knee Osteoarthritis|Pain,OTHER: Reiki,Ankara Medipol University,,ALL,"ADULT, OLDER_ADULT",42,OTHER,OBSERVATIONAL,Observational Model: |Time Perspective: p,2022-06-24,2023-01-30,"Nursemin Ünal, Ankara, None Selected, 06050, Turkey"
NCT06134453,Evaluation of the Effect of Reiki on Surgical Fear and Anxiety in Laparoscopic Cholecystectomy; Randomized Controlled Study,https://clinicaltrials.gov/study/NCT06134453,COMPLETED,NO,Supportive Care,OTHER: Reiki/Sham Reiki,Cukurova University,,ALL,"ADULT, OLDER_ADULT",48,OTHER,INTERVENTIONAL,Allocation: RANDOMIZED|Intervention Model: PARALLEL|Masking: SINGLE (PARTICIPANT)|Primary Purpose: TREATMENT,2024-03-15,2024-10-15,"Cukurova University, Adana, 01130, Turkey"
NCT02207764,Reiki as a Complementary Therapy: A Pilot Study,https://clinicaltrials.gov/study/NCT02207764,WITHDRAWN,NO,Hematologic Malignancy,BEHAVIORAL: Reiki,Sidney Kimmel Comprehensive Cancer Center at Johns Hopkins,,ALL,"ADULT, OLDER_ADULT",0,OTHER,INTERVENTIONAL,Allocation: RANDOMIZED|Intervention Model: PARALLEL|Masking: NONE|Primary Purpose: SUPPORTIVE_CARE,2014-09,,"Johns Hopkins Hospital, Baltimore, Maryland, 21287, United States"
NCT03685760,Reiki Intervention for Seriously Ill Elders Intensive Care Unit (RISE-ICU),https://clinicaltrials.gov/study/NCT03685760,COMPLETED,NO,Mechanical Ventilation Complication|Complementary Health Approach,OTHER: Reiki therapy|OTHER: Sham Reiki,Ohio State University,,ALL,"ADULT, OLDER_ADULT",39,OTHER,INTERVENTIONAL,"Allocation: RANDOMIZED|Intervention Model: PARALLEL|Masking: DOUBLE (PARTICIPANT, OUTCOMES_ASSESSOR)|Primary Purpose: SUPPORTIVE_CARE",2018-10-24,2020-03-06,"The Ohio State University College of Nursing, Columbus, Ohio, 43210, United States"
NCT06526949,"The Effect of Reiki on Pain, Anxiety and Haemodynamic Parameters in Patients Receiving Mechanical Ventilator Support",https://clinicaltrials.gov/study/NCT06526949,NOT_YET_RECRUITING,NO,İntensive Care|Nursing|Reiki,BEHAVIORAL: Reiki|OTHER: (Sham Reiki),University of Yalova,,ALL,"ADULT, OLDER_ADULT",60,OTHER,INTERVENTIONAL,Allocation: RANDOMIZED|Intervention Model: PARALLEL|Masking: NONE|Primary Purpose: SUPPORTIVE_CARE,2024-08-15,2024-12-15,"Yalova Training and Research Hospital, Yalova, Çınarcık, Turkey"
NCT03896165,Teaching Parents Reiki for Their Adolescents Receiving Palliative Care,https://clinicaltrials.gov/study/NCT03896165,COMPLETED,YES,Palliative Care|Chronic Disease,OTHER: Reiki,Ohio State University,Akron Children's Hospital|National Institute of Nursing Research (NINR),ALL,"CHILD, ADULT, OLDER_ADULT",24,OTHER,INTERVENTIONAL,Allocation: NA|Intervention Model: SINGLE_GROUP|Masking: NONE|Primary Purpose: SUPPORTIVE_CARE,2019-07-30,2020-04-24,"Akron Children's Hospital, Akron, Ohio, 44308, United States|The Ohio State University College of Nursing, Columbus, Ohio, 43210, United States"
NCT06700473,"Effects of Reiki Intervention During Labor on Pain, Fear, and Birth Experience",https://clinicaltrials.gov/study/NCT06700473,ACTIVE_NOT_RECRUITING,NO,Labour,OTHER: reiki,Istanbul University - Cerrahpasa,,FEMALE,ADULT,54,OTHER,INTERVENTIONAL,Allocation: RANDOMIZED|Intervention Model: PARALLEL|Masking: SINGLE (PARTICIPANT)|Primary Purpose: TREATMENT,2024-11-02,2025-05-02,"İstanbul Eğitim Araştırma Hastanesi, Istanbul, Zeytinburnu, 34020, Turkey"
NCT05483842,"Reiki Effects on Heart Rhythm, Biochemistry and Cortisol Findings, and Anxiety",https://clinicaltrials.gov/study/NCT05483842,COMPLETED,NO,Anxiety|Heart Diseases,OTHER: Reiki|OTHER: Sham Reiki,Ankara Medipol University,,ALL,"ADULT, OLDER_ADULT",66,OTHER,INTERVENTIONAL,Allocation: RANDOMIZED|Intervention Model: PARALLEL|Masking: SINGLE (PARTICIPANT)|Primary Purpose: SUPPORTIVE_CARE,2022-04-13,2022-07-25,"Nursemin Ünal, Ankara, None Selected, 06050, Turkey"
NCT06617767,The Effect of Reiki in Patients With Type-II Diabetes,https://clinicaltrials.gov/study/NCT06617767,COMPLETED,NO,"Diabetes Mellitus, Type 2",OTHER: Reiki,Osmaniye Korkut Ata University,,ALL,"ADULT, OLDER_ADULT",61,OTHER,INTERVENTIONAL,Allocation: RANDOMIZED|Intervention Model: PARALLEL|Masking: SINGLE (PARTICIPANT)|Primary Purpose: SUPPORTIVE_CARE,2022-08-03,2024-07-31,"Yüce, Osmaniye, 80000, Turkey"
NCT05694910,Reiki Effects on Bone Marrow Transplant Patients,https://clinicaltrials.gov/study/NCT05694910,UNKNOWN,NO,Bone Marrow Transplant Complications|Fatigue|Vital Signs|Reiki,OTHER: Reiki,Ankara Medipol University,,ALL,"ADULT, OLDER_ADULT",42,OTHER,INTERVENTIONAL,Allocation: RANDOMIZED|Intervention Model: PARALLEL|Masking: SINGLE (OUTCOMES_ASSESSOR)|Primary Purpose: SUPPORTIVE_CARE,2022-08-01,2023-04-01,"Nursemin Ünal, Ankara, None Selected, 06050, Turkey"
NCT06437769,The Effect of Reiki on Cesarean During Hospitalization,https://clinicaltrials.gov/study/NCT06437769,RECRUITING,NO,Cesarean Section Complications,OTHER: reiki,Ondokuz Mayıs University,,FEMALE,ADULT,70,OTHER,INTERVENTIONAL,Allocation: RANDOMIZED|Intervention Model: PARALLEL|Masking: SINGLE (PARTICIPANT)|Primary Purpose: SUPPORTIVE_CARE,2024-06-03,2025-03-03,"Ondokuz Mayis University, Samsun, 55200, Turkey"
NCT05942079,"""The Effect of Reiki on Metabolic Parameters in Obese Type 2 Diabetes Patients''",https://clinicaltrials.gov/study/NCT05942079,RECRUITING,NO,Diabetes Mellitus Type 2 in Obese,OTHER: REİKİ,Hasan Kalyoncu University,,ALL,"ADULT, OLDER_ADULT",1,OTHER,OBSERVATIONAL,Observational Model: |Time Perspective: p,2022-09-15,2023-11-01,"Harran unv., Şanlıurfa, Turkey|Harran Unv, Şanlıurfa, Turkey"
NCT00346671,Effects of Reiki on Stress,https://clinicaltrials.gov/study/NCT00346671,COMPLETED,NO,Stress,OTHER: Rest|OTHER: Sham|OTHER: Reiki,The Cleveland Clinic,National Center for Complementary and Integrative Health (NCCIH),ALL,"ADULT, OLDER_ADULT",257,OTHER,INTERVENTIONAL,"Allocation: RANDOMIZED|Intervention Model: PARALLEL|Masking: QUADRUPLE (PARTICIPANT, CARE_PROVIDER, INVESTIGATOR, OUTCOMES_ASSESSOR)|Primary Purpose: TREATMENT",2006-01,2010-06,"Cleveland Clinic Foundation, Cleveland, Ohio, 44195, United States"
NCT05833451,Reiki in Symptom Management of Hemodialysis Patients,https://clinicaltrials.gov/study/NCT05833451,COMPLETED,NO,Renal Dialysis,OTHER: Reiki,Osmaniye Korkut Ata University,,ALL,"ADULT, OLDER_ADULT",64,OTHER,INTERVENTIONAL,Allocation: RANDOMIZED|Intervention Model: PARALLEL|Masking: SINGLE (PARTICIPANT)|Primary Purpose: SUPPORTIVE_CARE,2022-03-07,2022-07-08,"Osmaniye Korkut Ata University, Osmaniye, 80000, Turkey"
NCT03946865,Reiki Therapy - an Intervention in Hematology/Oncology Cancer Patients Hospitalized,https://clinicaltrials.gov/study/NCT03946865,WITHDRAWN,NO,Cancer,OTHER: Reiki Therapy,Mayo Clinic,,ALL,"ADULT, OLDER_ADULT",0,OTHER,INTERVENTIONAL,Allocation: NA|Intervention Model: SINGLE_GROUP|Masking: NONE|Primary Purpose: SUPPORTIVE_CARE,2019-07-10,2021-04-01,"Mayo Clinic in Rochester, Rochester, Minnesota, 55905, United States"
NCT05539820,Reiki Effects on the State Test Anxiety Levels and Exam Success,https://clinicaltrials.gov/study/NCT05539820,COMPLETED,NO,Anxiety|Exam Stress,OTHER: Reiki,Ankara Medipol University,,ALL,"ADULT, OLDER_ADULT",71,OTHER,INTERVENTIONAL,Allocation: RANDOMIZED|Intervention Model: PARALLEL|Masking: SINGLE (OUTCOMES_ASSESSOR)|Primary Purpose: SUPPORTIVE_CARE,2022-06-10,2022-09-01,"Nursemin Ünal, Ankara, None Selected, 06050, Turkey"
NCT04783038,Determining The Impact Of Distance Reiki On Patient Reported QOL And Immunity Among Multiple Myeloma Patients,https://clinicaltrials.gov/study/NCT04783038,RECRUITING,NO,Multiple Myeloma|Autologous Stem Cell Transplant,OTHER: Distance Reiki|OTHER: Sham distance Reiki,Mayo Clinic,,ALL,"ADULT, OLDER_ADULT",30,OTHER,INTERVENTIONAL,Allocation: RANDOMIZED|Intervention Model: PARALLEL|Masking: SINGLE (INVESTIGATOR)|Primary Purpose: SUPPORTIVE_CARE,2021-01-27,2026-06,"Mayo Clinic in Rochester, Rochester, Minnesota, 55905, United States"
NCT05977426,The Effects of Reiki on Menopausal Symptoms and Depression Levels,https://clinicaltrials.gov/study/NCT05977426,COMPLETED,NO,Therapeutic Touch|Menopausal Symptoms,OTHER: Reiki,Inonu University,,FEMALE,ADULT,82,OTHER,INTERVENTIONAL,Allocation: RANDOMIZED|Intervention Model: CROSSOVER|Masking: SINGLE (PARTICIPANT)|Primary Purpose: SUPPORTIVE_CARE,2023-05-01,2023-07-23,"Esra Sabanci Baransel, Malatya, Turkey"
NCT06524895,Reiki Breast Surgery QOL Project for Women Undergoing Breast Surgery,https://clinicaltrials.gov/study/NCT06524895,RECRUITING,NO,Breast Cancer,OTHER: Medical Reiki|OTHER: Sham Reiki,Albert Einstein College of Medicine,"Medical Reiki Works, Inc",FEMALE,"ADULT, OLDER_ADULT",32,OTHER,INTERVENTIONAL,"Allocation: RANDOMIZED|Intervention Model: PARALLEL|Masking: DOUBLE (PARTICIPANT, OUTCOMES_ASSESSOR)|Primary Purpose: SUPPORTIVE_CARE",2022-11-09,2025-05,"Montefiore Medical Center, Bronx, New York, 10461, United States"
NCT02328703,Reiki for the Management of Neuropathic Pain,https://clinicaltrials.gov/study/NCT02328703,TERMINATED,NO,"Neuropathic Pain|Amputation, Traumatic",OTHER: Reiki Therapy,Fort Belvoir Community Hospital,Defense and Veterans Center for Integrative Pain Management|University of Pennsylvania|Walter Reed National Military Medical Center,ALL,"ADULT, OLDER_ADULT",2,FED,INTERVENTIONAL,"Allocation: RANDOMIZED|Intervention Model: PARALLEL|Masking: DOUBLE (PARTICIPANT, INVESTIGATOR)|Primary Purpose: TREATMENT",2013-05,2015-03,"Walter Reed National Military Medical Center, Bethesda, Maryland, 20889, United States"
NCT06075784,"The Effect of Reiki on Pain, Stress and Comfort Level in Students Experiencing Dysmenorrhea",https://clinicaltrials.gov/study/NCT06075784,COMPLETED,NO,Dysmenorrhea,OTHER: reiki,Ondokuz Mayıs University,,FEMALE,ADULT,60,OTHER,INTERVENTIONAL,Allocation: RANDOMIZED|Intervention Model: PARALLEL|Masking: SINGLE (PARTICIPANT)|Primary Purpose: SUPPORTIVE_CARE,2023-10-15,2023-12-15,"Ondokuz Mayis University, Samsun, 55200, Turkey"
NCT05456464,Fatigue and Sleep Quality in Multiple Sclerosis Patients,https://clinicaltrials.gov/study/NCT05456464,COMPLETED,NO,Multiple Sclerosis,OTHER: Reiki,Istanbul Sabahattin Zaim University,,ALL,"ADULT, OLDER_ADULT",60,OTHER,INTERVENTIONAL,Allocation: RANDOMIZED|Intervention Model: PARALLEL|Masking: SINGLE (PARTICIPANT)|Primary Purpose: SUPPORTIVE_CARE,2022-06-01,2022-09-30,"Istanbul Sabahattin Zaim University, Faculty of Health Sciences, Istanbul, Güneydoğu Anadolu Bölgesi, 340340, Turkey"
NCT05684458,The Effect of Reiki on Symptom Control and Quality of Life in Breast Cancer Patients,https://clinicaltrials.gov/study/NCT05684458,UNKNOWN,NO,Breast Cancer|Symptoms and Signs|Quality of Life,PROCEDURE: Reiki,Ankara Medipol University,,FEMALE,"ADULT, OLDER_ADULT",52,OTHER,INTERVENTIONAL,Allocation: RANDOMIZED|Intervention Model: PARALLEL|Masking: SINGLE (OUTCOMES_ASSESSOR)|Primary Purpose: SUPPORTIVE_CARE,2023-02-01,2023-08-31,
NCT03173872,The Acceptance of Reiki Therapy as a Complementary and Alternative Option for the Management of Chronic Pain,https://clinicaltrials.gov/study/NCT03173872,COMPLETED,NO,"Pain, Chronic",PROCEDURE: Reiki Protocol Hand Placement Procedures,Landstuhl Regional Medical Center,,ALL,"ADULT, OLDER_ADULT",30,FED,INTERVENTIONAL,Allocation: NA|Intervention Model: SINGLE_GROUP|Masking: NONE|Primary Purpose: TREATMENT,2017-04-06,2017-05-31,"Landstuhl Regional Medical Center, Landstuhl, 09018, Germany"
NCT06129019,"the Effect of Reiki Application on Depression, Anxiety and Physical Activity in Patient With Multiple Sclerosis",https://clinicaltrials.gov/study/NCT06129019,COMPLETED,NO,"Multiple Sclerosis, Relapsing-Remitting",BEHAVIORAL: Reiki,Ataturk University,,ALL,"ADULT, OLDER_ADULT",60,OTHER,INTERVENTIONAL,Allocation: RANDOMIZED|Intervention Model: PARALLEL|Masking: SINGLE (PARTICIPANT)|Primary Purpose: SUPPORTIVE_CARE,2023-06-01,2024-06-01,"Firat University, Elazıg, Turkey"
NCT06364436,Distant Reiki Therapy on Postpartum Period Fatigue and Depression,https://clinicaltrials.gov/study/NCT06364436,COMPLETED,NO,PostPartum Depression,BEHAVIORAL: Reiki energy therapy,Aksaray University,,FEMALE,ADULT,85,OTHER,INTERVENTIONAL,Allocation: RANDOMIZED|Intervention Model: PARALLEL|Masking: NONE|Primary Purpose: SUPPORTIVE_CARE,2022-06-03,2024-06-26,"Aksaray University, Aksaray, Merkez, Turkey"
NCT04086017,Teaching Caregivers of Hospice Patients to Administer Reiki,https://clinicaltrials.gov/study/NCT04086017,WITHDRAWN,NO,Hospice|Pain|Anxiety|Stress,OTHER: Reiki therapy,Ohio State University,OhioHealth,ALL,"ADULT, OLDER_ADULT",0,OTHER,INTERVENTIONAL,Allocation: RANDOMIZED|Intervention Model: PARALLEL|Masking: NONE|Primary Purpose: SUPPORTIVE_CARE,2020-10-01,2021-08-31,"The Ohio State University College of Nursing, Columbus, Ohio, 43210, United States"
NCT06668623,Effect of Reiki on Neuropathic Pain Severity and Sleep Quality in Patients With Diabetic Neuropathy,https://clinicaltrials.gov/study/NCT06668623,RECRUITING,NO,Diabetic Neuropathy,OTHER: Reiki Group|OTHER: Sham Reiki Group,TC Erciyes University,,ALL,"ADULT, OLDER_ADULT",60,OTHER,INTERVENTIONAL,"Allocation: RANDOMIZED|Intervention Model: PARALLEL|Masking: DOUBLE (PARTICIPANT, INVESTIGATOR)|Primary Purpose: SUPPORTIVE_CARE",2024-11-01,2025-12-30,"Kayseri City Hospital, Kayseri, Kocasinan, 38010, Turkey"
NCT05922787,The Effect of Reiki on Sexual Function and Sexual Self-Confidence,https://clinicaltrials.gov/study/NCT05922787,COMPLETED,NO,Therapeutic Touch|Sexuality,OTHER: Reiki,Inonu University,,FEMALE,"CHILD, ADULT",106,OTHER,INTERVENTIONAL,Allocation: RANDOMIZED|Intervention Model: CROSSOVER|Masking: SINGLE (PARTICIPANT)|Primary Purpose: SUPPORTIVE_CARE,2022-09-20,2023-06-01,"Fırat University, Elazığ, Province, 23119, Turkey"
NCT04935723,"The Effects of Reiki on Abdominal Surgery Patients' Anxiety, Fear, Postoperative Pain and Life Findings",https://clinicaltrials.gov/study/NCT04935723,COMPLETED,NO,Anxiety|Fear|Postoperative Pain|Reiki|Vital Signs,OTHER: Reiki,Cukurova University,,ALL,"ADULT, OLDER_ADULT",93,OTHER,INTERVENTIONAL,Allocation: RANDOMIZED|Intervention Model: PARALLEL|Masking: SINGLE (PARTICIPANT)|Primary Purpose: SUPPORTIVE_CARE,2020-06-15,2020-12-25,"Cukurova University, Adana, 01130, Turkey"
NCT05486624,The Effect of Reiki Application on Episiotomy and Perineal Pain,https://clinicaltrials.gov/study/NCT05486624,COMPLETED,NO,Episiotomy|Birth|Perineal Pain,OTHER: Reiki,Kirsehir Ahi Evran Universitesi,,FEMALE,"ADULT, OLDER_ADULT",100,OTHER,INTERVENTIONAL,Allocation: RANDOMIZED|Intervention Model: PARALLEL|Masking: NONE|Primary Purpose: SUPPORTIVE_CARE,2020-08-01,2021-06-30,"Kırşehir Training and Research Hospital, Kırşehir, Turkey"
NCT05924334,Reiki & Premenstrual Syndrome & Quality of Life,https://clinicaltrials.gov/study/NCT05924334,COMPLETED,NO,Quality of Life,OTHER: reiki|OTHER: placebo,Ege University,,FEMALE,ADULT,90,OTHER,INTERVENTIONAL,"Allocation: RANDOMIZED|Intervention Model: PARALLEL|Masking: DOUBLE (PARTICIPANT, INVESTIGATOR)|Primary Purpose: SUPPORTIVE_CARE",2023-08-04,2023-08-14,"Turkey, Ege University, İzmir, 35330, Turkey"
NCT06296680,"Reiki for Cancer: Pain, Anxiety, and Stress",https://clinicaltrials.gov/study/NCT06296680,COMPLETED,NO,Therapeutic Touch|Cancer,OTHER: Reiki|OTHER: Sham Reiki|OTHER: Progressive Relaxation Exercise,Ege University,,ALL,"ADULT, OLDER_ADULT",58,OTHER,INTERVENTIONAL,"Allocation: RANDOMIZED|Intervention Model: FACTORIAL|Masking: DOUBLE (PARTICIPANT, INVESTIGATOR)|Primary Purpose: TREATMENT",2022-09-02,2023-06-30,"Ege University, İzmir, 35100, Turkey"
NCT04830657,The Effect of Reiki on Fatigue and Comfort,https://clinicaltrials.gov/study/NCT04830657,COMPLETED,NO,Hemodialysis|Fatigue,OTHER: Distant reiki,Mersin University,,ALL,"ADULT, OLDER_ADULT",61,OTHER,INTERVENTIONAL,Allocation: RANDOMIZED|Intervention Model: PARALLEL|Masking: SINGLE (PARTICIPANT)|Primary Purpose: SUPPORTIVE_CARE,2020-12-21,2022-03-02,"Mersin University, Mersin, Yenişehir, 33110, Turkey"
NCT05980650,"Reiki Effect on Risky Pregnants in Terms of Holistic Well-being, Prenatal, Maternal Attachment and Physical Symptoms",https://clinicaltrials.gov/study/NCT05980650,ACTIVE_NOT_RECRUITING,NO,Pregnancy Complications,OTHER: Reiki implication,Cukurova University,,FEMALE,ADULT,46,OTHER,INTERVENTIONAL,Allocation: RANDOMIZED|Intervention Model: PARALLEL|Masking: NONE|Primary Purpose: SUPPORTIVE_CARE,2023-09-01,2024-09-01,"Adana City Hospital, Sariçam, Sa, 01330, Turkey"
NCT06772467,"The Effect of Reiki and EFT on Symptom Burden, Disease Adaptation, Vital Signs and Catheter-Related Pain in HD Patients",https://clinicaltrials.gov/study/NCT06772467,COMPLETED,NO,Hemodialysis Patient,BEHAVIORAL: Intervention (Reiki)|BEHAVIORAL: EFT,Inonu University,,ALL,"ADULT, OLDER_ADULT",96,OTHER,INTERVENTIONAL,Allocation: RANDOMIZED|Intervention Model: CROSSOVER|Masking: SINGLE (PARTICIPANT)|Primary Purpose: SUPPORTIVE_CARE,2023-09-25,2024-12-30,"Inonu University, Malatya, 44800, Turkey"
NCT05942989,"The Effect of Reiki on Breastfeeding Self-efficacy, Pregnancy Complaints and Quality of Life",https://clinicaltrials.gov/study/NCT05942989,NOT_YET_RECRUITING,NO,Obstetric Complication,OTHER: Reiki implementation,Cukurova University,,FEMALE,ADULT,68,OTHER,INTERVENTIONAL,Allocation: RANDOMIZED|Intervention Model: PARALLEL|Masking: NONE|Primary Purpose: SUPPORTIVE_CARE,2023-08-01,2024-08-31,
NCT05381246,"The Effect of Reiki and Acupressure on Pain, Anxiety and Vital Signs",https://clinicaltrials.gov/study/NCT05381246,UNKNOWN,NO,Coronary Artery Disease,OTHER: Acupressure|OTHER: Reiki,Mersin University,,ALL,"ADULT, OLDER_ADULT",84,OTHER,INTERVENTIONAL,Allocation: RANDOMIZED|Intervention Model: PARALLEL|Masking: SINGLE (OUTCOMES_ASSESSOR)|Primary Purpose: SUPPORTIVE_CARE,2022-05-15,2022-11-15,
NCT05648578,The Effect of Reiki Application on Stress and Anxiety Levels,https://clinicaltrials.gov/study/NCT05648578,COMPLETED,NO,Stress,OTHER: Reiki attempt,Siirt University,,ALL,ADULT,128,OTHER,INTERVENTIONAL,Allocation: RANDOMIZED|Intervention Model: PARALLEL|Masking: SINGLE (PARTICIPANT)|Primary Purpose: OTHER,2021-05-01,2022-09-30,"Siirt University, Siirt, 56100, Turkey"
NCT06072846,An Alternative Approach to Fatigue and Comfort Levels in Hemodialysis Patients: Reiki Energy Therapy.,https://clinicaltrials.gov/study/NCT06072846,RECRUITING,NO,Hemodialysis,BEHAVIORAL: Reiki Energy Therapy,Namik Kemal University,,ALL,"ADULT, OLDER_ADULT",80,OTHER,INTERVENTIONAL,"Allocation: RANDOMIZED|Intervention Model: PARALLEL|Masking: DOUBLE (CARE_PROVIDER, INVESTIGATOR)|Primary Purpose: SUPPORTIVE_CARE",2023-10-01,2024-09-04,"Nurhan ÖZPANCAR ŞOLPAN, Tekirdağ, 59030, Turkey"
NCT00065208,Reiki/Energy Healing in Prostate Cancer,https://clinicaltrials.gov/study/NCT00065208,COMPLETED,NO,Prostate Cancer,BEHAVIORAL: Reiki|BEHAVIORAL: Pretend Reiki|BEHAVIORAL: Rest / Guided Imagery,The Cleveland Clinic,National Center for Complementary and Integrative Health (NCCIH),MALE,"CHILD, ADULT, OLDER_ADULT",79,OTHER,INTERVENTIONAL,"Allocation: RANDOMIZED|Intervention Model: PARALLEL|Masking: DOUBLE (PARTICIPANT, INVESTIGATOR)|Primary Purpose: TREATMENT",2005-04,2010-06,"Cleveland Clinic Foundation, Cleveland, Ohio, 44195, United States"
NCT05861934,"The Effect of Distant Reiki Application on Pain, Functional Status and Sleep Quality",https://clinicaltrials.gov/study/NCT05861934,COMPLETED,NO,Rheumatoid Arthritis,BEHAVIORAL: Distant reiki group,Aksaray University Training and Research Hospital,,ALL,"ADULT, OLDER_ADULT",45,OTHER,INTERVENTIONAL,"Allocation: RANDOMIZED|Intervention Model: CROSSOVER|Masking: TRIPLE (PARTICIPANT, CARE_PROVIDER, OUTCOMES_ASSESSOR)|Primary Purpose: SUPPORTIVE_CARE",2022-11-20,2024-07-20,"Cemile KÜTMEÇ YILMAZ, Merkez, Aksaray, 68100, Turkey|Aksaray University Health Science Faculty, Aksaray, 68100, Turkey"
NCT05541718,New Options for Treating Knee Osteoarthritis Pain,https://clinicaltrials.gov/study/NCT05541718,RECRUITING,NO,Knee Osteoarthritis,BEHAVIORAL: Reiki|BEHAVIORAL: Sham Reiki|BEHAVIORAL: Mindfulness Meditation,University of Utah,,ALL,"ADULT, OLDER_ADULT",164,OTHER,INTERVENTIONAL,"Allocation: RANDOMIZED|Intervention Model: PARALLEL|Masking: TRIPLE (PARTICIPANT, INVESTIGATOR, OUTCOMES_ASSESSOR)|Primary Purpose: TREATMENT",2022-07-23,2024-11-01,"University of Utah, Salt Lake City, Utah, 84112, United States"
NCT04861753,The Effects of Reiki and Back Massage on the Pain and Vital Signs,https://clinicaltrials.gov/study/NCT04861753,COMPLETED,NO,Pain|Abdominal Pain,OTHER: Reiki and back massage,Mardin Artuklu University,,FEMALE,"ADULT, OLDER_ADULT",102,OTHER,OBSERVATIONAL,Observational Model: |Time Perspective: p,2017-07-09,2018-02-09,"Hediye Utli, Mardin, 47200, Turkey"
NCT00010751,Effects of Reiki on Painful Neuropathy and Cardiovascular Risk Factors,https://clinicaltrials.gov/study/NCT00010751,COMPLETED,NO,"Coronary Disease|Diabetes Mellitus, Non-Insulin-Dependent",PROCEDURE: Reiki,National Center for Complementary and Integrative Health (NCCIH),,ALL,"ADULT, OLDER_ADULT",,NIH,INTERVENTIONAL,Allocation: RANDOMIZED|Intervention Model: |Masking: SINGLE|Primary Purpose: TREATMENT,1998-09,2004-06,"Taubman Center, Ann Arbor, Michigan, 48109-0344, United States"
NCT05531175,"REIKI APPLICATION PAIN, FATIGUE AND ITCHING IN HEMODIALYSIS PATIENTS",https://clinicaltrials.gov/study/NCT05531175,COMPLETED,NO,Hemodialysis Complication,OTHER: Reiki apply,Cumhuriyet University,,ALL,"ADULT, OLDER_ADULT",74,OTHER,INTERVENTIONAL,Allocation: RANDOMIZED|Intervention Model: PARALLEL|Masking: SINGLE (PARTICIPANT)|Primary Purpose: SUPPORTIVE_CARE,2020-09-01,2021-05-22,"Esra BAŞER AKIN, Sivas, 58000, Turkey"
NCT00051428,The Efficacy of Reiki in the Treatment of Fibromyalgia,https://clinicaltrials.gov/study/NCT00051428,COMPLETED,NO,Fibromyalgia,PROCEDURE: Reiki (distant and direct-contact),National Center for Complementary and Integrative Health (NCCIH),,ALL,"ADULT, OLDER_ADULT",100,NIH,INTERVENTIONAL,Allocation: RANDOMIZED|Intervention Model: PARALLEL|Masking: DOUBLE|Primary Purpose: TREATMENT,2003-01,2005-02,"Univ of WA - CFS/FM Research Center, Seattle, Washington, 98104, United States"
NCT05704465,"Reiki and Qi-gong Therapy to Improve Negative Emotional States of Anxiety, Depression, and Stress in Type-2 Diabetics",https://clinicaltrials.gov/study/NCT05704465,UNKNOWN,NO,Type-2 Diabetic Patients,BEHAVIORAL: Reiki Therapy|BEHAVIORAL: Qi-gong Therapy,Beni-Suef University,,ALL,"CHILD, ADULT, OLDER_ADULT",200,OTHER,INTERVENTIONAL,Allocation: RANDOMIZED|Intervention Model: PARALLEL|Masking: NONE|Primary Purpose: TREATMENT,2022-06-01,2024-08,"The National Institute of Diabetes and Endocrinology's Hospital, Cairo, Egypt"
NCT05853250,Clinical and Hospital Stay Effects of Reiki and Manual Therapy After Open Heart Surgery,https://clinicaltrials.gov/study/NCT05853250,COMPLETED,NO,Coronary Artery Diseases|Valvular Heart Diseases,OTHER: Reiki/manual therapy,The Cleveland Clinic,,ALL,"ADULT, OLDER_ADULT",345,OTHER,INTERVENTIONAL,"Allocation: RANDOMIZED|Intervention Model: PARALLEL|Masking: DOUBLE (CARE_PROVIDER, OUTCOMES_ASSESSOR)|Primary Purpose: TREATMENT",2017-06-26,2020-02-05,"Cleveland Clinic Foundation, Cleveland, Ohio, 44195, United States"
NCT00032721,The Use of Reiki for Patients With Advanced AIDS,https://clinicaltrials.gov/study/NCT00032721,COMPLETED,NO,Acquired Immunodeficiency Syndrome|HIV Infections,PROCEDURE: Reiki; Subtle energy therapy,National Center for Complementary and Integrative Health (NCCIH),,ALL,"ADULT, OLDER_ADULT",146,NIH,INTERVENTIONAL,Allocation: RANDOMIZED|Intervention Model: FACTORIAL|Masking: NONE|Primary Purpose: TREATMENT,2002-03,2003-09,"Temple University, Philadelphia, Pennsylvania, 19121, United States|Albert Einstein Medical Center, Philadelphia, Pennsylvania, 19141, United States"
NCT00207259,Study of Complementary Therapies in Men Receiving Radiation Therapy for Prostate Cancer: A Feasibility Trial,https://clinicaltrials.gov/study/NCT00207259,COMPLETED,NO,Prostate Cancer,BEHAVIORAL: Reiki & Relaxation Response Therapy with Cognitive Restructuring,Brigham and Women's Hospital,,MALE,"ADULT, OLDER_ADULT",60,OTHER,INTERVENTIONAL,Allocation: RANDOMIZED|Intervention Model: FACTORIAL|Masking: NONE|Primary Purpose: SUPPORTIVE_CARE,2005-03,2017-06-15,"Brigham and Women's Hospital, Boston, Massachusetts, 02115, United States"
NCT05801640,Facilitated Tucking Position and Reiki Efficacy in Orogastric Tube Insertion,https://clinicaltrials.gov/study/NCT05801640,COMPLETED,NO,"Premature|Feeding Behavior|Infant, Premature, Diseases",OTHER: Facilitated Tucking Position|OTHER: Reiki,Sibel Küçükoğlu,,ALL,CHILD,45,OTHER,INTERVENTIONAL,"Allocation: RANDOMIZED|Intervention Model: PARALLEL|Masking: DOUBLE (PARTICIPANT, OUTCOMES_ASSESSOR)|Primary Purpose: SUPPORTIVE_CARE",2022-02-01,2023-01-15,"Selcuk University, Konya, 42100, Turkey"
NCT05684445,The Effect of Distant Reiki on Pain and Holistic Well-being,https://clinicaltrials.gov/study/NCT05684445,COMPLETED,NO,Phantom Limb Pain,OTHER: Distant reiki group,Aksaray University Training and Research Hospital,,ALL,"ADULT, OLDER_ADULT",15,OTHER,INTERVENTIONAL,Allocation: NA|Intervention Model: SINGLE_GROUP|Masking: NONE|Primary Purpose: SUPPORTIVE_CARE,2022-10-20,2023-09-20,"Cemile KÜTMEÇ YILMAZ, Merkez, Aksaray, 68100, Turkey|Aksaray University Health Science Faculty, Aksaray, 68100, Turkey"
NCT02758756,Pilot Study on Energy Therapy or Massage to Reduce Fatigue,https://clinicaltrials.gov/study/NCT02758756,COMPLETED,NO,Fatigue,OTHER: Massage|OTHER: Reiki,University of Rochester,,ALL,"ADULT, OLDER_ADULT",87,OTHER,INTERVENTIONAL,Allocation: RANDOMIZED|Intervention Model: PARALLEL|Masking: NONE|Primary Purpose: SUPPORTIVE_CARE,2016-06-20,2019-05,"University of Rochester Wilmot Cancer Institute, Rochester, New York, 14642, United States"
NCT04058262,Impact of Meditation and Reiki on Assisted Reproduction Techniques Outcomes,https://clinicaltrials.gov/study/NCT04058262,UNKNOWN,NO,Infertility,OTHER: Meditation presential|OTHER: Reiki|OTHER: Meditation (app)|OTHER: round of conversation,Federal University of Minas Gerais,,FEMALE,ADULT,80,OTHER,INTERVENTIONAL,Allocation: RANDOMIZED|Intervention Model: PARALLEL|Masking: SINGLE (INVESTIGATOR)|Primary Purpose: TREATMENT,2020-10-01,2021-11,"ORIGEN - Centre for Reproductive Medicine, Belo Horizonte, Minas Gerais, 30110051, Brazil"
NCT05799560,The Effect of Therapeutic Touch and Reiki Application on Anxiety and Stress Levels in Female Academicians,https://clinicaltrials.gov/study/NCT05799560,NOT_YET_RECRUITING,NO,Stress|Anxiety,OTHER: THERAPEUTIC TOUCH|OTHER: REİKİ,Osmaniye Korkut Ata University,,FEMALE,"CHILD, ADULT, OLDER_ADULT",17,OTHER,INTERVENTIONAL,Allocation: RANDOMIZED|Intervention Model: PARALLEL|Masking: SINGLE (PARTICIPANT)|Primary Purpose: SUPPORTIVE_CARE,2023-05-15,2023-07-20,
NCT05473845,The Effect of Acupressure and Reiki on Pain and Fatigue Levels,https://clinicaltrials.gov/study/NCT05473845,COMPLETED,NO,Acupressure|Cancer Pain|Fatigue,PROCEDURE: Acupressure intervention|PROCEDURE: Reiki intervention,Mardin Artuklu University,,ALL,"ADULT, OLDER_ADULT",156,OTHER,INTERVENTIONAL,Allocation: RANDOMIZED|Intervention Model: PARALLEL|Masking: SINGLE (PARTICIPANT)|Primary Purpose: TREATMENT,2022-02-11,2022-07-21,"Hediye Utli, Mardin, 47200, Turkey"
NCT05635578,The Effect of Reiki Applicatıon on Sleep and Qualıty of Life in Epılepsy Patıents,https://clinicaltrials.gov/study/NCT05635578,COMPLETED,NO,Sleep|Life Quality,BEHAVIORAL: sleep,Ataturk University,,ALL,"ADULT, OLDER_ADULT",60,OTHER,INTERVENTIONAL,Allocation: RANDOMIZED|Intervention Model: SEQUENTIAL|Masking: SINGLE (PARTICIPANT)|Primary Purpose: SUPPORTIVE_CARE,2022-11-15,2023-05-01,"Gülcan B Turan, Elazığ, Merkez, 23100, Turkey"
NCT05129852,The Effect Of Reiki And Massage With Sage Oil On Primary Dysmenorrhea,https://clinicaltrials.gov/study/NCT05129852,COMPLETED,NO,Primary Dysmenorrhea,OTHER: Sage oil group|BEHAVIORAL: Reiki group,Mehmet Akif Ersoy University,,ALL,"ADULT, OLDER_ADULT",90,OTHER,INTERVENTIONAL,Allocation: RANDOMIZED|Intervention Model: PARALLEL|Masking: SINGLE (PARTICIPANT)|Primary Purpose: TREATMENT,2021-03-01,2021-07-10,"Nazife Bakir, Burdur, Bucak, Turkey"
NCT02075489,Acupressure for Pain Management and Fatigue Relief in Gulf War Veterans,https://clinicaltrials.gov/study/NCT02075489,COMPLETED,NO,Persian Gulf Syndrome|Chronic Fatigue Syndrome,OTHER: Acupressure treatment.|OTHER: Reiki,The Cleveland Clinic,,ALL,"ADULT, OLDER_ADULT",7,OTHER,INTERVENTIONAL,Allocation: NON_RANDOMIZED|Intervention Model: PARALLEL|Masking: NONE|Primary Purpose: TREATMENT,2012-09,2017-10,"Cleveland Clinic, Cleveland, Ohio, 44195, United States"
NCT05387746,Integrative Self-care Approaches for HCP Wellbeing,https://clinicaltrials.gov/study/NCT05387746,COMPLETED,NO,"Burnout, Professional","BEHAVIORAL: Caring Science, Mindful Practice and Reiki Training",Cedars-Sinai Medical Center,Weil Foundation,ALL,"CHILD, ADULT, OLDER_ADULT",30,OTHER,INTERVENTIONAL,Allocation: NA|Intervention Model: SINGLE_GROUP|Masking: NONE|Primary Purpose: HEALTH_SERVICES_RESEARCH,2022-09-01,2024-08-18,"Cedars Sinai Medical Center, Los Angeles, California, 90048, United States"
NCT01434264,Evaluating Personalized Effect of an Individualized Intervention,https://clinicaltrials.gov/study/NCT01434264,COMPLETED,NO,Colorectal Cancer,PROCEDURE: Energy healing,University of Southern Denmark,"University of Aarhus|The Ministry of Science, Technology and Innovation, Denmark",ALL,"ADULT, OLDER_ADULT",247,OTHER,INTERVENTIONAL,Allocation: RANDOMIZED|Intervention Model: PARALLEL|Masking: NONE|Primary Purpose: SUPPORTIVE_CARE,2011-09,2012-11,"Christina Gundgaard Pedersen, Aarhus, 8000, Denmark"
NCT05716373,"The Effect of Reiki Application on Pain, Fatigue and Sleep Quality in Elderly Persons Staying in Nursing Homes",https://clinicaltrials.gov/study/NCT05716373,COMPLETED,NO,Pain|Tiredness|Sleep Quality,BEHAVIORAL: pain,Ataturk University,,ALL,"ADULT, OLDER_ADULT",60,OTHER,INTERVENTIONAL,Allocation: RANDOMIZED|Intervention Model: SEQUENTIAL|Masking: SINGLE (PARTICIPANT)|Primary Purpose: SUPPORTIVE_CARE,2022-12-01,2023-04-30,"Gülcan B Turan, Elazığ, Merkez, 23000, Turkey"
NCT01738308,The Effects of Healing Touch on Post Operative Pediatric Patients,https://clinicaltrials.gov/study/NCT01738308,COMPLETED,NO,Surgery|Stress|Pain|Children|Post-Traumatic Stress Disorder,PROCEDURE: Healing Touch|PROCEDURE: Healing Touch Sham Treatment,"Children's Hospital Medical Center, Cincinnati",American Holistic Nurses Association (AHNA)|Carolyn Stoll Research Fund (Cincinnati Childrens Hospital),ALL,CHILD,240,OTHER,INTERVENTIONAL,"Allocation: RANDOMIZED|Intervention Model: PARALLEL|Masking: TRIPLE (PARTICIPANT, INVESTIGATOR, OUTCOMES_ASSESSOR)|Primary Purpose: TREATMENT",2013-09,2017-06,"Cincinnati Children's Hospital Medical Center, Cincinnati, Ohio, 45229, United States"
NCT01569269,"Effects of Reiki, Yoga, Meditation, on the Physical and Psychological Symptoms of Chemotherapy-Induced Peripheral Neuropathy",https://clinicaltrials.gov/study/NCT01569269,COMPLETED,NO,Peripheral Neuropathy,BEHAVIORAL: Yoga Intervention|BEHAVIORAL: Meditation Intervention|BEHAVIORAL: Reiki|OTHER: Holistic Education,George Mason University,,ALL,"ADULT, OLDER_ADULT",36,OTHER,INTERVENTIONAL,Allocation: RANDOMIZED|Intervention Model: PARALLEL|Masking: SINGLE (INVESTIGATOR)|Primary Purpose: SUPPORTIVE_CARE,2010-05,2012-03,"Life with Cancer Family Center, Fairfax, Virginia, 22031, United States"
NCT02028832,Pediatric Integrative Medicine Trial Pilot,https://clinicaltrials.gov/study/NCT02028832,COMPLETED,NO,Pain|Nausea|Vomiting|Anxiety,PROCEDURE: PIM consult and service provision|PROCEDURE: Usual care,University of Alberta,Lotte & John Hecht Memorial Foundation,ALL,CHILD,872,OTHER,INTERVENTIONAL,Allocation: NON_RANDOMIZED|Intervention Model: PARALLEL|Masking: NONE|Primary Purpose: HEALTH_SERVICES_RESEARCH,2013-02,2016-09,"Stollery Childrens' Hospital, Edmonton, Alberta, T6G 2B7, Canada"
NCT03142477,Effects of Therapeutic Touch in Patients With Female Genital Neoplasia: a Randomized Controlled Clinical Trial,https://clinicaltrials.gov/study/NCT03142477,UNKNOWN,NO,Quality of Life|Gynecologic Neoplasm|Gynecologic Cancer|Palliative Care|Therapeutic Touch|Reiki,OTHER: Questionnaires|OTHER: Placebo therapeutic touch|OTHER: Therapeutic touch,Federal University of Minas Gerais,,FEMALE,"ADULT, OLDER_ADULT",90,OTHER,INTERVENTIONAL,Allocation: RANDOMIZED|Intervention Model: PARALLEL|Masking: NONE|Primary Purpose: TREATMENT,2016-08-01,2018-12-31,"Federal University of Minas Gerais, Belo Horizonte, Minas Gerais, 30130-100, Brazil"
NCT04766242,The Impact of Spiritual Healing on Moderate Depression in Adults,https://clinicaltrials.gov/study/NCT04766242,UNKNOWN,NO,Moderate Depression,OTHER: Spiritual healing|OTHER: Usual care,University of Tromso,Sorlandet Hospital HF,ALL,"ADULT, OLDER_ADULT",28,OTHER,INTERVENTIONAL,"Allocation: RANDOMIZED|Intervention Model: PARALLEL|Masking: DOUBLE (INVESTIGATOR, OUTCOMES_ASSESSOR)|Primary Purpose: HEALTH_SERVICES_RESEARCH",2021-03-01,2022-04-30,"Uit The Arctic University of Norway, Tromsø, Troms, 9102, Norway"
NCT03194438,Urban Zen Integrative Therapy for Persons With Pulmonary Hypertension,https://clinicaltrials.gov/study/NCT03194438,COMPLETED,YES,Pulmonary Hypertension|Chronic Disease,BEHAVIORAL: Urban Zen Integrative Therapy (UZIT),Ohio State University,,ALL,"ADULT, OLDER_ADULT",14,OTHER,INTERVENTIONAL,Allocation: NA|Intervention Model: SINGLE_GROUP|Masking: NONE|Primary Purpose: TREATMENT,2017-06-19,2018-06-05,"The Ohio State University Ross Heart Hospital, Columbus, Ohio, 43210, United States"
NCT04018508,Massage Therapy for Self-efficacy in LVAD Recipients,https://clinicaltrials.gov/study/NCT04018508,TERMINATED,NO,Heart Failure,OTHER: Massage,Medstar Health Research Institute,,ALL,"ADULT, OLDER_ADULT",5,OTHER,INTERVENTIONAL,Allocation: RANDOMIZED|Intervention Model: PARALLEL|Masking: NONE|Primary Purpose: SUPPORTIVE_CARE,2021-09-01,2022-03-15,"MedStar Washington Hospital Center, Washington, District of Columbia, 20010, United States"
NCT02040051,Efficacy of Sound Insulation and Music Therapy on the Comfort of Mechanically Ventilated Patients Admitted to Intensive Care Unit,https://clinicaltrials.gov/study/NCT02040051,COMPLETED,NO,Intensive Care Units,BEHAVIORAL: Sound isolation / Music therapy,Althaia Xarxa Assistencial Universitària de Manresa,,ALL,"ADULT, OLDER_ADULT",82,OTHER,INTERVENTIONAL,Allocation: RANDOMIZED|Intervention Model: CROSSOVER|Masking: NONE|Primary Purpose: SUPPORTIVE_CARE,2013-06,2014-06,"Fundació Althaia Xarxa Assistencial Universitària de Manresa, Manresa, Barcelona, 08243, Spain"
NCT04951661,Virtual Reality and Older Adult Knee OA,https://clinicaltrials.gov/study/NCT04951661,COMPLETED,NO,Knee Osteoarthritis,DEVICE: Virtual Reality,Tufts University,Brigham and Women's Hospital,ALL,"ADULT, OLDER_ADULT",16,OTHER,INTERVENTIONAL,Allocation: NA|Intervention Model: SINGLE_GROUP|Masking: NONE|Primary Purpose: TREATMENT,2021-06-19,2021-09-10,"Brigham & Women's Pain Management Center, Chestnut Hill, Massachusetts, 02467, United States"
NCT02376959,"Effect of Spiritist ""Passe"" Energy Therapy in Reducing Anxiety in Volunteers",https://clinicaltrials.gov/study/NCT02376959,UNKNOWN,NO,Anxiety Disorders,"BEHAVIORAL: Spiritist ""passe""",Associação Médico Espírita de Botucatu,,ALL,"ADULT, OLDER_ADULT",60,OTHER,INTERVENTIONAL,Allocation: RANDOMIZED|Intervention Model: PARALLEL|Masking: SINGLE (PARTICIPANT)|Primary Purpose: TREATMENT,2014-09,2015-12,"Botucatu Medical School, Botucatu, Sao Paulo, 18618970, Brazil"
NCT06177873,"Effect of Foot Bath on Pain, Anxiety, Sleep and Comfort Level",https://clinicaltrials.gov/study/NCT06177873,COMPLETED,NO,Laparoscopic Cholecystectomy,OTHER: foot bath,Ataturk University,,ALL,"ADULT, OLDER_ADULT",108,OTHER,INTERVENTIONAL,"Allocation: RANDOMIZED|Intervention Model: FACTORIAL|Masking: DOUBLE (CARE_PROVIDER, INVESTIGATOR)|Primary Purpose: SUPPORTIVE_CARE",2022-01-01,2022-11-30,"Ataturk University, Erzurum, Yakutiye, 25240, Turkey"
NCT02932384,Reducing HIV Risk With High Risk HIV Negative Black MSM-Passport to Wellness,https://clinicaltrials.gov/study/NCT02932384,COMPLETED,NO,HIV|Men,BEHAVIORAL: Intervention-Passport and Peer Mentor|BEHAVIORAL: Control-Passport Only,Charles Drew University of Medicine and Science,"University of California, Los Angeles|University of Southern California|Los Angeles Centers for Alcohol and Drug Addiction (L.A. CADA)",MALE,"ADULT, OLDER_ADULT",105,OTHER,INTERVENTIONAL,Allocation: RANDOMIZED|Intervention Model: PARALLEL|Masking: NONE|Primary Purpose: PREVENTION,2015-08,2018-04,"Los Angeles Centers for Alcohol and Drug Abuse (LA CADA), Los Angeles, California, 90013, United States|Charles Drew University of Medicine and Science, Los Angeles, California, 90059, United States"
NCT06696352,Partners4Pain & Wellbeing Equity: A Randomized Trial of Community Supported Complementary and Integrative Health Self-management for Back Pain,https://clinicaltrials.gov/study/NCT06696352,RECRUITING,NO,Chronic Pain|Back Pain|Neck Pain|Self-management|Complementary Therapies|Health Inequity,BEHAVIORAL: Partners4Pain|BEHAVIORAL: Keys to Wellbeing,University of Minnesota,National Institute of Neurological Disorders and Stroke (NINDS)|National Center for Complementary and Integrative Health (NCCIH),ALL,"ADULT, OLDER_ADULT",376,OTHER,INTERVENTIONAL,Allocation: RANDOMIZED|Intervention Model: PARALLEL|Masking: SINGLE (INVESTIGATOR)|Primary Purpose: TREATMENT,2025-01,2027-08,"University of Minnesota, Minneapolis, Minnesota, 55455, United States"
NCT02559765,"Access, Use and Opinions of Physiotherapy and Rehabilitation Services of People With Progressive MS in the UK.",https://clinicaltrials.gov/study/NCT02559765,COMPLETED,NO,Progressive Multiple Sclerosis,,University of Glasgow,NHS Ayrshire and Arran|AKM,ALL,"ADULT, OLDER_ADULT",1298,OTHER,OBSERVATIONAL,Observational Model: |Time Perspective: p,2015-08,2015-11,"The University of Glasgow, Glasgow, G12 8LL, United Kingdom"
